matrix,α,gj1,,gj2,,de,
cell1,0.2,4.854677931,248,15.749799158000002,1016,3.626741243,225
cell1,0.8,15.735284739,1016,15.689220194,1016,3.5976592860000003,225
cell1,0.2,3.892314443,248,15.765723428000001,1016,3.5029589480000003,225
cell1,0.8,15.722202562000001,1016,15.696177484000001,1016,3.5595173360000003,225
TSOPF_RS_b9_c6,0.2,0.9865528640000001,120,1.881609966,248,0.8870525260000001,113
TSOPF_RS_b9_c6,0.8,7.639843836000001,1016,1.946140159,248,0.85519714,113
circuit_3,0.2,2.350306486,120,0.81506975,24,1.274905208,57
circuit_3,0.8,2.309214387,120,0.894647866,24,1.276389923,57
