matrix,α,gj1,,gj2,,de,,cauchy,
poisson200,0.2,9.129074769,25,1.8905012710000002,41,1.6736056060000002,33,4.362748854,13
poisson200,0.8,13.871722317000001,352,1.9094324100000002,45,1.60783195,33,1.822691719,12
s2rmt3m1,0.2,0.667773834,39,7.298679421,511,1.036961341,73,1.2590456110000001,21
s2rmt3m1,0.8,14.183609421000002,1000,11.171395432,731,1.5009924600000002,95,1.8999551490000002,31
fv3,0.2,0.30513369500000004,23,0.299140279,24,0.359571464,30,0.423231332,11
fv3,0.8,2.101834321,193,0.321866046,26,0.37348857700000004,29,0.382050641,10
poisson200,0.2,1.392657913,25,1.8145594710000001,41,1.584851527,33,1.992635855,13
poisson200,0.8,14.258851278000002,352,1.9934717000000002,45,1.6512704150000002,33,1.851073578,12
