matrix,log10ϵ,l,r_svdvals,r_arpack,r_arpackmod
ex5,-7,-3.4880020961655083,4.01894569929255,4.018945423469369,4.050187183587276
ex5,-14,-4.300652537876839,4.571398034713678,4.571397951408393,4.589501486089456
pores_1,-7,-3.5643280870743195,3.9825518994277833,3.982551899282655,4.014932308973929
pores_1,-14,-4.335261131322568,4.550609401364542,4.550609399275185,4.569089645844459
