matrix,log10ϵ,l,r_svdvals,r_arpack,r_arpackmod
ex5,-7,-3.4880020961655083,4.01894569929255,4.018945502271109,4.050187259966664
ex5,-14,-4.300652537876839,4.571398034713678,4.5713979422524975,4.589501477097789
pores_1,-7,-3.5643280870743195,3.9825518994277833,3.9825518984738637,4.0149323081908905
pores_1,-14,-4.335261131322568,4.550609401364542,4.5506093917405,4.569089638447708
