matrix,α,gj1,,gj2,,gj2pre,,de,,cauchy,
poisson200,0.2,6.290544634000001,25,1.8893863800000001,41,1.7096012020000002,38,1.724726283,33,4.453300179,13
poisson200,0.8,13.750731086,352,1.932855173,45,1.521732327,34,1.5811643990000002,33,1.797858154,12
s2rmt3m1,0.2,0.588344616,39,7.198690303,511,6.376382884000001,451,1.072230384,73,1.301072926,21
s2rmt3m1,0.8,14.374939602000001,1000,10.551705309,731,6.982687844000001,485,1.517046547,95,1.895116336,31
fv3,0.2,0.30314280600000004,23,0.299194294,24,0.282405958,23,0.36173298400000004,30,0.408499431,11
fv3,0.8,2.103861299,193,0.318342621,26,0.261223504,21,0.375141869,29,0.37971624000000004,10
poisson200,0.2,1.4257869970000001,25,1.8215510480000001,41,1.694706622,38,1.5874337950000001,33,2.007438708,13
poisson200,0.8,14.339635293,352,1.9746192200000001,45,1.5495995100000002,34,1.6476375470000002,33,1.911504364,12
