matrix,α,gj1,,gj2,,de,
cell1,0.2,3.761101473,248,14.941165524,1016,3.4354619800000004,225
cell1,0.8,14.803094156,1016,15.564419657,1016,3.5641519340000003,225
cell1,0.2,3.99829112,248,15.860258843,1016,3.5461295550000003,225
cell1,0.8,15.876674989000001,1016,15.874989992000001,1016,3.5971534920000003,225
TSOPF_RS_b9_c6,0.2,0.9325741850000001,120,1.931979802,248,0.880278604,113
TSOPF_RS_b9_c6,0.8,7.821014957,1016,1.921132132,248,0.8689596220000001,113
circuit_3,0.2,2.363384765,120,0.811861504,24,1.364314437,57
circuit_3,0.8,2.209050386,120,0.9110070840000001,24,1.3257024830000002,57
